epoch,running_acc,running_loss,acc,loss,val_acc,val_loss
0,0.59375,0.7625042796134949,0.5859375,0.7131423950195312,1.0,0.36976972222328186
