epoch,running_acc,running_loss,acc,loss,val_acc,val_loss
0,0.546875,0.7107245922088623,0.5546875,0.6799900531768799,0.6875,0.6393929719924927
