epoch,running_acc,running_loss,acc,loss,val_acc,val_loss
0,0.328125,0.9530899524688721,0.5038759708404541,0.6049559116363525,1.0,0.18970759212970734
