epoch,running_acc,running_loss,acc,loss,val_acc,val_loss
0,0.390625,0.7450184226036072,0.5426356792449951,0.5237196683883667,1.0,0.14540888369083405
